地區,選區,姓名,教育程度,性別,性別_bin,出生年次,年齡,在位與否,原選區連任,推薦政黨,競爭激烈(Entropy),人口密度,政黨地位(上屆政黨得票率),有無臉書,臉書連結,PageRank,Density,Mutuality,Betweenness,Closeness,得票數,得票率,當選,政黨立場,泛藍,中立,泛綠,學歷等級
桃園市,1,馬治薇,碩士,0,0,1972/5/17,51,0,0.0,無,1.45,2179.87,0.0,0,,0.0,0.0,0.0,0.0,0.0,"20,600",0.0856,0,0,0,1,0,3
桃園市,1,鄭運鵬,學士,1,1,1962/6/2,61,1,1.0,民主進步黨,1.45,2179.87,0.317824623,1,https://www.facebook.com/phoenix.cheng.96,0.007998005,0.095505618,0.411764706,0.036058489,0.347469946,"103,466",0.43,0,1,0,0,1,2
桃園市,1,牛煦庭,碩士,1,1,1979/10/17,44,0,0.0,中國國民黨,1.45,2179.87,0.349517661,1,https://www.facebook.com/18NIUstart,0.009627186,0.162921348,0.620689655,0.045969477,0.338014981,"116,571",0.4844,1,-1,1,0,0,3
桃園市,2,黃世杰,碩士,1,1,1968/1/5,56,1,1.0,民主進步黨,1.17,883.29,0.317824623,1,https://www.facebook.com/SCHuangLawyer,0.009674609,0.258426966,0.586956522,0.012861495,0.35491573,"102,468",0.4761,0,1,0,0,1,3
桃園市,2,陳志豪,高中職以下,1,1,1967/5/16,56,0,0.0,中華統一促進黨,1.17,883.29,0.00242515,0,,0.0,0.0,0.0,0.0,0.0,"1,912",0.0089,0,0,0,1,0,1
桃園市,2,王思玟,學士,1,1,1984/1/27,39,0,0.0,無,1.17,883.29,0.0,0,,0.0,0.0,0.0,0.0,0.0,"7,127",0.0331,0,0,0,1,0,2
桃園市,2,涂權吉,碩士,1,1,1959/8/4,64,0,0.0,中國國民黨,1.17,883.29,0.349517661,1,https://www.facebook.com/agi0511,0.004551934,0.0,0.0,0.0,0.277896431,"103,697",0.4819,1,-1,1,0,0,3
桃園市,3,戴浙,博士,1,1,1937/11/5,86,0,0.0,制度救世島,1.46,4191.66,0.0,0,,0.0,0.0,0.0,0.0,0.0,721,0.0033,0,0,0,1,0,4
桃園市,3,游智彬,碩士,1,1,1972/12/23,51,0,0.0,新黨,1.46,4191.66,0.010506421,1,https://www.facebook.com/profile.php?id=100057214761012,0.00164168,0.061797753,0.0,0.0,0.0,"8,280",0.038,0,-1,1,0,0,3
桃園市,3,魯明哲,碩士,1,1,1952/12/4,71,1,1.0,中國國民黨,1.46,4191.66,0.349517661,1,https://www.facebook.com/taoyuan.jackru,0.00676487,0.04494382,0.5,0.001797687,0.294885473,"102,056",0.4684,1,-1,1,0,0,3
桃園市,3,徐鶯慈,學士,0,0,1960/9/27,63,0,0.0,小民參政歐巴桑聯盟,1.46,4191.66,0.0,0,,0.0,0.0,0.0,0.0,0.0,"11,258",0.0517,0,1,0,0,1,2
桃園市,3,彭俊豪,碩士,1,1,1971/8/15,52,0,0.0,民主進步黨,1.46,4191.66,0.317824623,1,https://www.facebook.com/pengwintaoyuan,0.003901855,0.078651685,0.642857143,0.001861833,0.285564381,"95,581",0.4387,0,1,0,0,1,3
桃園市,4,范綱祥,碩士,1,1,1955/4/17,68,0,0.0,民主進步黨,1.28,11556.69,0.317824623,1,https://www.facebook.com/ksfan128,0.002327945,0.0,0.0,0.0,0.236799072,"83,183",0.3863,0,1,0,0,1,3
桃園市,4,甘乃迪,高中職以下,1,1,1944/9/5,79,0,0.0,台灣國民黨,1.28,11556.69,0.0,0,,0.0,0.0,0.0,0.0,0.0,"3,293",0.0153,0,0,0,1,0,1
桃園市,4,萬美玲,碩士,0,0,1958/9/25,65,1,1.0,中國國民黨,1.28,11556.69,0.349517661,1,https://www.facebook.com/wanmeiling.tw,0.008549384,0.101123596,0.444444444,0.027914644,0.347469946,"119,430",0.5546,1,-1,1,0,0,3
桃園市,4,黃明莉,博士,0,0,1959/11/10,64,0,0.0,無,1.28,11556.69,0.0,1,https://www.facebook.com/mingli.huang.372,0.0,0.0,0.0,0.0,0.0,"9,426",0.0438,0,0,0,1,0,4
桃園市,5,劉仁照,學士,1,1,1970/1/26,53,0,0.0,民主進步黨,1.43,2281.76,0.317824623,1,https://www.facebook.com/vlog72,0.003118802,0.134831461,0.25,0.000762311,0.276814497,"69,022",0.3389,0,1,0,0,1,2
桃園市,5,呂玉玲,碩士,0,0,1950/6/19,73,1,1.0,中國國民黨,1.43,2281.76,0.349517661,1,https://www.facebook.com/yuling616,0.007886858,0.0,0.0,0.0,0.365494219,"89,372",0.4388,1,-1,1,0,0,3
桃園市,5,賴香伶,碩士,0,0,1957/1/5,67,1,0.0,台灣民眾黨,1.43,2281.76,0.121898783,1,https://www.facebook.com/HsiangLinLai,0.003314448,0.0,0.0,0.0,0.239783701,"43,691",0.2145,0,0,0,1,0,3
桃園市,5,易乃文,博士,1,1,1951/8/26,72,0,0.0,司法改革黨,1.43,2281.76,0.0,0,,0.0,0.0,0.0,0.0,0.0,"1,580",0.0078,0,0,0,1,0,4
桃園市,6,葉堂宇,博士,1,1,1947/12/29,76,0,0.0,無,0.98,571.28,0.0,0,,0.0,0.0,0.0,0.0,0.0,"2,523",0.0127,0,0,0,1,0,4
桃園市,6,趙正宇,碩士,1,1,1955/3/29,68,1,1.0,無,0.98,571.28,0.0,1,https://www.facebook.com/JhengYuOfficeBlog,0.003211437,0.0,0.0,0.0,0.269723007,"76,346",0.3834,0,0,0,1,0,3
桃園市,6,李慕妍,高中職以下,0,0,1985/11/11,38,0,0.0,台灣民眾黨,0.98,571.28,0.121898783,1,https://www.facebook.com/profile.php?id=100090476640451,0.0,0.0,0.0,0.0,0.0,"35,183",0.1767,0,0,0,1,0,1
桃園市,6,邱若華,碩士,0,0,1977/7/25,46,0,0.0,中國國民黨,0.98,571.28,0.349517661,1,https://www.facebook.com/Tai.Chill2022,0.004373747,0.0,0.0,0.0,0.27117313,"81,513",0.4093,1,-1,1,0,0,3
桃園市,6,翁紹庭,學士,0,0,1957/1/20,66,0,0.0,人民最大黨,0.98,571.28,0.0,0,,0.0,0.0,0.0,0.0,0.0,890,0.0045,0,0,0,1,0,2
桃園市,6,劉睿宸,高中職以下,1,1,1943/5/6,80,0,0.0,復康聯盟黨,0.98,571.28,0.0,0,,0.0,0.0,0.0,0.0,0.0,"2,689",0.0135,0,0,0,1,0,1
臺東縣,1,賴坤成,學士,1,1,1953/6/3,70,0,0.0,民主進步黨,1.25,32.81,0.232927762,1,https://www.facebook.com/profile.php?id=100091771991171,0.0,0.0,0.0,0.0,0.0,"23,420",0.316,0,1,0,0,1,2
臺東縣,1,黃婉茹,學士,0,0,1970/11/17,53,0,0.0,小民參政歐巴桑聯盟,1.25,32.81,0.0,0,,0.0,0.0,0.0,0.0,0.0,"1,428",0.0193,0,1,0,0,1,2
臺東縣,1,許瑞貴,碩士,1,1,1944/12/7,79,0,0.0,無,1.25,32.81,0.0,1,https://www.facebook.com/aguey.hsu,0.00164168,0.02247191,0.0,0.0,0.0,"4,522",0.061,0,0,0,1,0,3
臺東縣,1,陳長宏,學士,1,1,1954/8/25,69,0,0.0,無,1.25,32.81,0.0,0,,0.0,0.0,0.0,0.0,0.0,211,0.0028,0,0,0,1,0,2
臺東縣,1,黃建賓,碩士,1,1,1967/12/25,56,0,0.0,中國國民黨,1.25,32.81,0.535540851,1,https://www.facebook.com/HCPTaitung,0.00554022,0.146067416,0.346153846,0.0070215,0.277587722,"25,778",0.3479,1,-1,1,0,0,3
臺東縣,1,劉櫂豪,學士,1,1,1956/2/2,67,1,1.0,無,1.25,32.81,0.0,1,https://www.facebook.com/ChaoHaoLiu,0.005389972,0.06741573,0.333333333,0.003544165,0.29932652,"18,744",0.2529,0,0,0,1,0,2
新北市,1,徐百弟,高中職以下,1,1,1941/1/2,83,0,0.0,台灣維新,1.54,1289.02,0.000725239,1,https://www.facebook.com/chuipaktaiwan,0.002505142,0.005617978,0.0,0.0,0.011235955,"2,633",0.0097,0,0,0,1,0,1
新北市,1,何博文,學士,1,1,1962/6/27,61,0,0.0,民主進步黨,1.54,1289.02,0.337510361,1,https://www.facebook.com/justicehopowen,0.004597565,0.106741573,0.315789474,0.001706091,0.300230829,"106,454",0.3941,0,1,0,0,1,2
新北市,1,游清池,學士,1,1,1957/2/24,66,0,0.0,制度救世島,1.54,1289.02,0.0,0,,0.0,0.0,0.0,0.0,0.0,"1,867",0.0069,0,0,0,1,0,2
新北市,1,洪孟楷,碩士,1,1,1972/1/1,52,1,1.0,中國國民黨,1.54,1289.02,0.331588869,1,https://www.facebook.com/MongKaiHUNG,0.010148445,0.129213483,0.565217391,0.010977355,0.307666887,"158,596",0.5871,1,-1,1,0,0,3
新北市,1,翁藤原,高中職以下,1,1,1960/8/1,63,0,0.0,中華統一促進黨,1.54,1289.02,0.001935739,1,https://www.facebook.com/sky.jackyweng,0.0,0.0,0.0,0.0,0.0,570,0.0021,0,0,0,1,0,1
新北市,2,林淑芬,碩士,0,0,1962/1/17,61,1,1.0,民主進步黨,1.03,6722.34,0.337510361,1,https://www.facebook.com/linshufen.fans,0.005395083,0.033707865,0.166666667,0.001042954,0.338014981,"118,544",0.5705,1,1,0,0,1,3
新北市,2,何淯笙,高中職以下,1,1,1963/12/27,60,0,0.0,中華統一促進黨,1.03,6722.34,0.001935739,0,,0.0,0.0,0.0,0.0,0.0,"4,845",0.0233,0,0,0,1,0,1
新北市,2,李有宜,碩士,0,0,1979/5/8,44,0,0.0,台灣民眾黨,1.03,6722.34,0.119478726,1,https://www.facebook.com/jenniferyoyilee,0.002881535,0.117977528,0.142857143,0.007590013,0.241791738,"84,393",0.4062,0,0,0,1,0,3
新北市,3,蔡明堂,學士,1,1,1947/4/27,76,0,0.0,中國國民黨,1.72,18571.21,0.331588869,1,https://www.facebook.com/tsaimingtang,0.002198769,0.056179775,0.2,0.000929997,0.220346795,"79,828",0.4249,0,-1,1,0,0,2
新北市,3,蘇卿彥,博士,1,1,1939/3/13,84,0,0.0,無,1.72,18571.21,0.0,0,,0.0,0.0,0.0,0.0,0.0,"4,805",0.0256,0,0,0,1,0,4
新北市,3,李坤城,碩士,1,1,1962/5/3,61,0,0.0,民主進步黨,1.72,18571.21,0.337510361,1,https://www.facebook.com/NewTaipeiCityCouncilor,0.005166411,0.084269663,0.533333333,0.029280335,0.330154168,"100,141",0.533,1,1,0,0,1,3
新北市,3,陳東雲,高中,1,1,1947/11/20,76,0,0.0,無,1.72,18571.21,0.0,0,,0.0,0.0,0.0,0.0,0.0,"3,094",0.0165,0,0,0,1,0,0
新北市,4,洪懿馥,碩士,0,0,1967/9/5,56,0,0.0,無,1.47,17173.28,0.0,0,,0.0,0.0,0.0,0.0,0.0,"14,840",0.0691,0,0,0,1,0,3
新北市,4,吳秉叡,碩士,1,1,1955/10/7,68,1,1.0,民主進步黨,1.47,17173.28,0.337510361,1,https://www.facebook.com/Wubray,0.008146246,0.084269663,0.666666667,0.005607939,0.352398597,"107,772",0.5021,1,1,0,0,1,3
新北市,4,蘇輝湟,學士,1,1,1965/11/10,58,0,0.0,無,1.47,17173.28,0.0,0,,0.0,0.0,0.0,0.0,0.0,"1,924",0.009,0,0,0,1,0,2
新北市,4,蔣欣璋,碩士,1,1,1976/11/5,47,0,0.0,中國國民黨,1.47,17173.28,0.331588869,0,,0.0,0.0,0.0,0.0,0.0,"89,121",0.4152,0,-1,1,0,0,3
新北市,4,邱吉均,學士,1,1,1947/12/8,76,0,0.0,制度救世島,1.47,17173.28,0.0,0,,0.0,0.0,0.0,0.0,0.0,"1,002",0.0047,0,0,0,1,0,2
新北市,5,蘇巧慧,碩士,0,0,1965/4/5,58,1,1.0,民主進步黨,1.06,4553.82,0.337510361,1,https://www.facebook.com/chiaohui.su,0.014652086,0.196629213,0.657142857,0.022044443,0.4106463,"98,586",0.5417,1,1,0,0,1,3
新北市,5,洪佳君,博士,0,0,1966/6/28,57,0,0.0,中國國民黨,1.06,4553.82,0.331588869,1,https://www.facebook.com/H.ChiaChun,0.002604594,0.117977528,0.285714286,0.006009667,0.244769469,"83,424",0.4583,0,-1,1,0,0,4
新北市,6,黃淑珍,高中職以下,0,0,1954/9/1,69,0,0.0,司法改革黨,1.17,22157.29,0.0,0,,0.0,0.0,0.0,0.0,0.0,"7,450",0.0463,0,0,0,1,0,1
新北市,6,林國春,碩士,1,1,1957/1/8,67,0,0.0,中國國民黨,1.17,22157.29,0.331588869,1,https://www.facebook.com/supercoplin,0.00338333,0.162921348,0.310344828,0.001470638,0.264298948,"74,652",0.4638,0,-1,1,0,0,3
新北市,6,張宏陸,碩士,1,1,1961/1/10,63,1,1.0,民主進步黨,1.17,22157.29,0.337510361,1,https://www.facebook.com/hunglueball,0.006176832,0.061797753,0.636363636,0.000631,0.342677257,"78,847",0.4899,1,1,0,0,1,3
新北市,7,葉元之,博士,1,1,1963/12/28,60,0,0.0,中國國民黨,1.51,17687.56,0.331588869,1,https://www.facebook.com/yeh.seafood,0.005563188,0.005617978,0.0,0.004369097,0.272264122,"78,134",0.4611,1,-1,1,0,0,4
新北市,7,羅致政,博士,1,1,1953/11/17,70,1,1.0,民主進步黨,1.51,17687.56,0.337510361,1,https://www.facebook.com/profile.php?id=639867341,0.00164168,0.084269663,0.0,0.0,0.0,"75,841",0.4476,0,1,0,0,1,4
新北市,7,劉書婷,學士,0,0,1979/5/13,44,0,0.0,小民參政歐巴桑聯盟,1.51,17687.56,0.0,0,,0.0,0.0,0.0,0.0,0.0,"15,479",0.0913,0,1,0,0,1,2
新北市,8,吳崢,高中職以下,1,1,1978/7/3,45,0,0.0,民主進步黨,1.42,16714.18,0.337510361,1,https://www.facebook.com/votewucheng,0.012358256,0.174157303,0.64516129,0.009783603,0.329060942,"77,763",0.3697,0,1,0,0,1,1
新北市,8,邱臣遠,碩士,1,1,1970/12/11,53,1,0.0,台灣民眾黨,1.42,16714.18,0.119478726,1,https://www.facebook.com/tpp.andychiu,0.005597492,0.0,0.0,0.0,0.279691831,"42,759",0.2033,0,0,0,1,0,3
新北市,8,張智倫,碩士,1,1,1972/11/24,51,0,0.0,中國國民黨,1.42,16714.18,0.331588869,1,https://www.facebook.com/allenihelp?locale=zh_TW,0.007251961,0.162921348,0.517241379,0.014964834,0.280724306,"89,808",0.427,1,-1,1,0,0,3
新北市,9,林德福,學士,1,1,1942/10/23,81,1,1.0,中國國民黨,1.34,31068.97,0.331588869,1,https://www.facebook.com/lintefu,0.0042503,0.095505618,0.352941176,0.004537644,0.238312721,"98,260",0.5773,1,-1,1,0,0,2
新北市,9,莊銘淵,學士,1,1,1962/6/25,61,0,0.0,民主進步黨,1.34,31068.97,0.337510361,1,https://www.facebook.com/profile.php?id=100064707953638,0.00164168,0.011235955,0.0,0.0,0.0,"50,613",0.2973,0,1,0,0,1,2
新北市,9,陳愷寧,學士,0,0,1984/2/2,39,0,0.0,台灣維新,1.34,31068.97,0.000725239,1,https://www.facebook.com/kainingyh,0.002033856,0.028089888,0.2,0.000304609,0.016853933,"21,345",0.1254,0,0,0,1,0,2
新北市,10,孟藹倫,學士,0,0,1944/5/27,79,0,0.0,人民最大黨,1.57,1315.39,0.0,1,https://www.facebook.com/ellenmeng2024,0.0,0.0,0.0,0.0,0.0,"3,319",0.0162,0,0,0,1,0,2
新北市,10,袁興,學士,1,1,1952/10/25,71,0,0.0,復康聯盟黨,1.57,1315.39,0.0,1,https://www.facebook.com/profile.php?id=100068410433493,0.00164168,0.039325843,0.0,0.0,0.0,"2,608",0.0128,0,0,0,1,0,2
新北市,10,吳琪銘,碩士,1,1,1952/2/24,71,1,1.0,民主進步黨,1.57,1315.39,0.337510361,1,https://www.facebook.com/wuqiming519,0.00843771,0.191011236,0.558823529,0.005146378,0.349916917,"103,437",0.5058,1,1,0,0,1,3
新北市,10,林金結,碩士,1,1,1957/7/21,66,0,0.0,中國國民黨,1.57,1315.39,0.331588869,1,https://www.facebook.com/YES.GingerLin,0.004870527,0.219101124,0.333333333,0.011522916,0.270780394,"95,147",0.4652,0,-1,1,0,0,3
新北市,11,羅明才,碩士,1,1,1956/1/15,67,1,1.0,中國國民黨,1.39,381.71,0.331588869,1,https://www.facebook.com/mtlo.tw,0.004270751,0.011235955,0.0,0.000109201,0.242974094,"123,399",0.5938,1,-1,1,0,0,3
新北市,11,鄭添泉,高中職以下,1,1,1939/4/23,84,0,0.0,無,1.39,381.71,0.0,0,,0.0,0.0,0.0,0.0,0.0,"2,208",0.0106,0,0,0,1,0,1
新北市,11,魏趨安,學士,1,1,1962/10/24,61,0,0.0,制度救世島,1.39,381.71,0.0,0,,0.0,0.0,0.0,0.0,0.0,915,0.0044,0,0,0,1,0,2
新北市,11,張家榛,碩士,0,0,1964/3/11,59,0,0.0,人民最大黨,1.39,381.71,0.0,0,,0.0,0.0,0.0,0.0,0.0,"4,038",0.0194,0,0,0,1,0,3
新北市,11,陳聖,學士,1,1,1950/7/21,73,0,0.0,中華婦女黨,1.39,381.71,0.0,0,,0.0,0.0,0.0,0.0,0.0,"1,029",0.005,0,0,0,1,0,2
新北市,11,曾柏瑜,碩士,0,0,1980/11/8,43,0,0.0,民主進步黨,1.39,381.71,0.337510361,1,https://www.facebook.com/poyu.tseng2016,0.005505309,0.106741573,0.473684211,0.000609518,0.30114062,"76,237",0.3668,0,1,0,0,1,3
新北市,12,黃瑞傳,高中職以下,1,1,1939/4/7,84,0,0.0,無,1.54,463.38,0.0,0,,0.0,0.0,0.0,0.0,0.0,"2,348",0.0129,0,0,0,1,0,1
新北市,12,楊木火,學士,1,1,1950/6/20,73,0,0.0,無,1.54,463.38,0.0,0,,0.0,0.0,0.0,0.0,0.0,"1,023",0.0056,0,0,0,1,0,2
新北市,12,李佳蒨,學士,0,0,1967/11/30,56,0,0.0,臺灣雙語無法黨,1.54,463.38,0.0,0,,0.0,0.0,0.0,0.0,0.0,"3,170",0.0174,0,0,0,1,0,2
新北市,12,陳長志,高中職以下,1,1,1965/1/18,58,0,0.0,台灣維新,1.54,463.38,0.000725239,1,https://www.facebook.com/profile.php?id=61553016538751,0.001757971,0.011235955,0.0,0.0,0.005617978,980,0.0054,0,0,0,1,0,1
新北市,12,賴品妤,學士,0,0,1981/3/2,42,1,1.0,民主進步黨,1.54,463.38,0.337510361,1,https://www.facebook.com/LaiPinYuSouichi,0.015021994,0.117977528,0.80952381,0.008221282,0.394350811,"81,937",0.4503,0,1,0,0,1,2
新北市,12,廖先翔,碩士,1,1,1977/6/12,46,0,0.0,中國國民黨,1.54,463.38,0.331588869,1,https://www.facebook.com/LIAOHSIENHSIANG,0.003982998,0.02247191,0.75,0.000476736,0.26359789,"92,489",0.5083,1,-1,1,0,0,3
基隆市,1,邱紹祐,學士,1,1,1972/12/9,51,0,0.0,家庭基本收入,1.59,2289.39,0.0,1,https://www.facebook.com/KeelungWinner,0.00164168,0.005617978,0.0,0.0,0.0,"2,361",0.0112,0,0,0,1,0,2
基隆市,1,黃傑陽,國中,1,1,1971/12/8,52,0,0.0,無,1.59,2289.39,0.0,0,,0.0,0.0,0.0,0.0,0.0,"1,331",0.0063,0,0,0,1,0,0
基隆市,1,謝海菁,學士,0,0,1985/5/31,38,0,0.0,小民參政歐巴桑聯盟,1.59,2289.39,0.0,1,https://www.facebook.com/obs.hai.tsing.tsia,0.003037169,0.0,0.0,0.0,0.005617978,"8,192",0.0388,0,1,0,0,1,2
基隆市,1,王醒之,博士,1,1,1961/2/16,62,0,0.0,無,1.59,2289.39,0.0,1,https://www.facebook.com/wanghsingchi,0.003037169,0.0,0.0,0.0,0.005617978,"37,260",0.1767,0,0,0,1,0,4
基隆市,1,林沛祥,博士,1,1,1966/5/14,57,0,0.0,中國國民黨,1.59,2289.39,0.373619602,1,https://www.facebook.com/keelungup,0.007432181,0.08988764,0.6875,0.004228411,0.295763109,"91,986",0.4362,1,-1,1,0,0,4
基隆市,1,鄭文婷,碩士,0,0,1957/9/28,66,0,0.0,民主進步黨,1.59,2289.39,0.290739889,1,https://www.facebook.com/ting.keelung,0.002680145,0.0,0.0,0.0,0.257995919,"69,741",0.3307,0,1,0,0,1,3
嘉義縣,1,詹琬蓁,碩士,0,0,1977,47,0,,中國國民黨,1.14,375.21,0.289186949,1,https://www.facebook.com/bonnie.chiayi/,0.002787554,0.0,0.0,0.0,0.251562106,"54,097",0.4078,0,-1,1,0,0,3
嘉義縣,1,蔡易餘,學士,1,1,1981,43,1,,民主進步黨,1.14,375.21,0.402084644,1,https://www.facebook.com/chiayionefish/,0.012856891,0.247191011,0.636363636,0.00924185,0.349916917,"78,551",0.5922,1,1,0,0,1,2
嘉義縣,2,廖昱婧,高中職以下,0,0,1978,46,0,,無黨籍及未經政黨推薦,1.6,159.8,0.0,1,https://www.facebook.com/newhorie/,0.00164168,0.005617978,0.0,0.0,0.0,"6,601",0.0444,0,0,0,1,0,1
嘉義縣,2,簡銘傑,學士,1,1,1989,35,0,,制度救世島,1.6,159.8,0.0,0,,0.0,0.0,0.0,0.0,0.0,"2,499",0.0168,0,0,0,1,0,2
嘉義縣,2,林國慶,高中職以下,1,1,1965,59,0,,無黨籍及未經政黨推薦,1.6,159.8,0.0,1,https://www.facebook.com/Taiwanbirthday/,0.002190561,0.039325843,0.0,0.005475102,0.223820731,"64,778",0.4357,0,0,0,1,0,1
嘉義縣,2,黃一哲,高中職以下,1,1,1963,61,0,,台灣維新,1.6,159.8,0.001188467,1,https://www.facebook.com/MosesHuangTaiwan/,0.002339425,0.0,0.0,0.0,0.005617978,"1,213",0.0082,0,0,0,1,0,1
嘉義縣,2,陳冠廷,碩士,1,1,1986,38,0,,民主進步黨,1.6,159.8,0.402084644,1,https://www.facebook.com/Kuantingvision/,0.007025174,0.134831461,0.458333333,0.008073171,0.336869168,"73,598",0.495,1,1,0,0,1,3
花蓮縣,1,許願神,高中職以下,1,1,1954,70,0,,無黨籍及未經政黨推薦,1.49,41.86,0.0,1,https://www.facebook.com/profile.php?id=100018290826831,0.00164168,0.011235955,0.0,0.0,0.0,"6,493",0.0508,0,0,0,1,0,1
花蓮縣,1,張美慧,碩士,0,0,1970,54,0,,民主進步黨,1.49,41.86,0.211243931,1,https://www.facebook.com/chang.puddingcmi/,0.003325951,0.112359551,0.4,0.000585779,0.255466335,"51,732",0.4045,0,1,0,0,1,3
花蓮縣,1,傅崐萁,碩士,1,1,1962,62,1,,中國國民黨,1.49,41.86,0.546693561,1,https://www.facebook.com/Fu.KunChi/,0.004457466,0.039325843,0.571428571,0.002335923,0.271520231,"68,786",0.5379,1,-1,1,0,0,3
花蓮縣,1,周玉梅,高中職以下,0,0,1976,48,0,,制度救世島,1.49,41.86,0.0,0,,0.0,0.0,0.0,0.0,0.0,879,0.0069,0,0,0,1,0,1
臺南市,1,魏耀乾,碩士,1,1,1950,74,0,,無黨籍及未經政黨推薦,1.3,342.13,0.0,1,https://www.facebook.com/p/%E9%AD%8F%E8%80%80%E4%B9%BE-61551819632454/,0.0,0.0,0.0,0.0,0.0,"8,978",0.056,0,0,0,1,0,3
臺南市,1,林芳竹,學士,0,0,1992,32,0,,中華統一促進黨,1.3,342.13,0.002150809,0,,0.0,0.0,0.0,0.0,0.0,"1,603",0.01,0,0,0,1,0,2
臺南市,1,賴惠員,碩士,0,0,1961,63,1,,民主進步黨,1.3,342.13,0.420868823,1,https://www.facebook.com/liahuiyuan/,0.006156124,0.0,0.0,0.0,0.325407756,"96,662",0.6026,1,1,0,0,1,3
臺南市,1,周宏昌,學士,1,1,1977,47,0,,中國國民黨,1.3,342.13,0.257245458,1,https://www.facebook.com/people/%E5%91%A8%E5%AE%8F%E6%98%8C/100058333307385/,0.0,0.0,0.0,0.0,0.0,"49,045",0.3057,0,-1,1,0,0,2
臺南市,1,蔡承攸,高中職以下,1,1,1987,37,0,,復康聯盟黨,1.3,342.13,0.0,1,https://www.facebook.com/Goingchi/,0.001841036,0.011235955,0.0,4.76e-05,0.005617978,"1,305",0.0081,0,0,0,1,0,1
臺南市,1,侯陸太,學士,1,1,1961,63,0,,無黨籍及未經政黨推薦,1.3,342.13,0.0,0,,0.0,0.0,0.0,0.0,0.0,"2,822",0.0176,0,0,0,1,0,2
臺南市,2,陳昆和,碩士,1,1,1961,63,0,,無黨籍及未經政黨推薦,1.0,275.48,0.0,1,https://www.facebook.com/ChenKhunho/,0.001792087,0.028089888,0.2,5.4e-05,0.005617978,"76,614",0.4295,0,0,0,1,0,3
臺南市,2,郭國文,博士,1,1,1967,57,1,,民主進步黨,1.0,275.48,0.420868823,1,https://www.facebook.com/gogowin2010/,0.009560871,0.123595506,0.590909091,0.007294523,0.357469081,"97,981",0.5493,1,1,0,0,1,4
臺南市,2,詹秋嫻,博士,0,0,1961,63,0,,人民最大黨,1.0,275.48,0.0,1,https://www.facebook.com/echolisa10.01/,0.0,0.0,0.0,0.0,0.0,"3,775",0.0212,0,0,0,1,0,4
臺南市,3,姚正玉,博士,0,0,1966,58,0,,中國國民黨,1.07,2297.35,0.257245458,1,https://www.facebook.com/jadeyiao/,0.001792087,0.028089888,0.0,3.04e-05,0.007490637,"56,348",0.2986,0,-1,1,0,0,4
臺南市,3,陳亭妃,學士,0,0,1974,50,1,,民主進步黨,1.07,2297.35,0.420868823,1,https://www.facebook.com/fififans/,0.008098693,0.033707865,0.666666667,0.002282033,0.336869168,"132,377",0.7014,1,1,0,0,1,2
臺南市,4,劉清田,碩士,1,1,1958,66,0,,司法改革黨,1.21,1729.39,0.0,0,,0.0,0.0,0.0,0.0,0.0,"10,082",0.0554,0,0,0,1,0,3
臺南市,4,林宜瑾,碩士,0,0,1969,55,1,,民主進步黨,1.21,1729.39,0.420868823,1,https://www.facebook.com/ichin0825/,0.006321623,0.179775281,0.5,0.010701806,0.311524779,"104,688",0.5748,1,1,0,0,1,3
臺南市,4,李全教,博士,1,1,1960,64,0,,無黨籍及未經政黨推薦,1.21,1729.39,0.0,1,https://www.facebook.com/leoquanjiao/,0.001946349,0.061797753,0.090909091,0.000972568,0.005617978,"67,357",0.3698,0,0,0,1,0,4
臺南市,5,蕭燐洪,高中職以下,1,1,1943,81,0,,臺灣雙語無法黨,1.53,5455.59,0.0,0,,0.0,0.0,0.0,0.0,0.0,"38,695",0.2346,0,0,0,1,0,1
臺南市,5,林俊憲,碩士,1,1,1965,59,1,,民主進步黨,1.53,5455.59,0.420868823,1,https://www.facebook.com/seeklin/,0.009500814,0.0,0.0,0.0,0.345467139,"126,248",0.7654,1,1,0,0,1,3
臺南市,6,王定宇,博士,1,1,1969,55,1,,民主進步黨,1.25,1117.04,0.420868823,1,https://www.facebook.com/wdy19690305/,0.009688196,0.033707865,0.0,0.006487584,0.386678617,"89,235",0.4691,1,1,0,0,1,4
臺南市,6,陳永和,高中職以下,1,1,1960,64,0,,無黨籍及未經政黨推薦,1.25,1117.04,0.0,1,https://www.facebook.com/clcyungho/,0.0,0.0,0.0,0.0,0.0,"36,985",0.1944,0,0,0,1,0,1
臺南市,6,陳以信,博士,1,1,1972,52,0,,中國國民黨,1.25,1117.04,0.257245458,1,https://www.facebook.com/p/%E9%99%B3%E4%BB%A5%E4%BF%A1-100053527517524/,0.001734713,0.06741573,0.0,0.000143569,0.005617978,"64,018",0.3365,0,-1,1,0,0,4
高雄市,1,林義迪,高中職以下,1,1,1959,65,0,,無黨籍及未經政黨推薦,1.45,90.81,0.0,1,https://www.facebook.com/p/高雄市議員林義迪-100064189805674/,0.0,0.0,0.0,0.0,0.0,"42,219",0.2901,0,0,0,1,0,1
高雄市,1,曾尹儷,博士,0,0,1963,61,0,,台灣民眾黨,1.45,90.81,0.085104572,1,https://www.facebook.com/ALeeKHH/,0.001758322,0.050561798,0.111111111,5.08e-05,0.183013636,"22,169",0.1523,0,0,0,1,0,4
高雄市,1,劉承智,國中,1,1,1971,53,0,,人民最大黨,1.45,90.81,0.0,1,https://www.facebook.com/p/劉承智-100074042756695/,0.0,0.0,0.0,0.0,0.0,"1,596",0.011,0,0,0,1,0,0
高雄市,1,邱議瑩,碩士,0,0,1971,53,1,,民主進步黨,1.45,90.81,0.387605118,1,https://www.facebook.com/denjen2020/,0.007493823,0.247191011,0.5,0.007750006,0.330154168,"79,567",0.5467,1,1,0,0,1,3
高雄市,2,曹桓榮,碩士,1,1,1976,48,0,,中國國民黨,1.04,1271.06,0.301109069,1,https://www.facebook.com/rongbetter/,0.003447569,0.0,0.0,0.0,0.23459629,"68,168",0.3662,0,-1,1,0,0,3
高雄市,2,邱志偉,博士,1,1,1972,52,1,,民主進步黨,1.04,1271.06,0.387605118,1,https://www.facebook.com/weilovekh/,0.00590012,0.028089888,0.0,0.001197779,0.35491573,"117,992",0.6338,1,1,0,0,1,4
高雄市,3,郭璽,學士,1,1,1958,66,0,,台灣麻將最大黨,1.85,6955.47,0.0,1,https://www.facebook.com/p/郭璽-61550495357919/,0.0,0.0,0.0,0.0,0.0,"7,147",0.0324,0,0,0,1,0,2
高雄市,3,陳銓霖,碩士,1,1,1953,71,0,,無黨籍及未經政黨推薦,1.85,6955.47,0.0,1,https://www.facebook.com/chenquanlin2023/,0.0,0.0,0.0,0.0,0.0,"2,549",0.0116,0,0,0,1,0,3
高雄市,3,李眉蓁,高中職以下,0,0,1979,45,0,,中國國民黨,1.85,6955.47,0.301109069,1,https://www.facebook.com/kandesnwin2010/,0.005921689,0.04494382,0.25,0.005610192,0.234932398,"101,513",0.4603,0,-1,1,0,0,1
高雄市,3,李柏毅,碩士,1,1,1977,47,0,,民主進步黨,1.85,6955.47,0.387605118,1,https://www.facebook.com/poyi2014/?locale=zh_TW,0.007298103,0.224719101,0.5,0.003905531,0.315480649,"108,184",0.4906,1,1,0,0,1,3
高雄市,3,張正達,高中職以下,1,1,1971,53,0,,無黨籍及未經政黨推薦,1.85,6955.47,0.0,0,,0.0,0.0,0.0,0.0,0.0,"1,121",0.0051,0,0,0,1,0,1
高雄市,4,林岱樺,碩士,0,0,1972,52,1,,民主進步黨,1.44,1648.5,0.387605118,1,https://www.facebook.com/LinDaiHua/,0.006519939,0.0,0.0,0.0,0.314256712,"121,001",0.6531,1,1,0,0,1,3
高雄市,4,陳若翠,碩士,0,0,1969,55,0,,中國國民黨,1.44,1648.5,0.301109069,1,https://www.facebook.com/chenruocui/,0.004727116,0.056179775,0.4,0.002771065,0.254159602,"64,261",0.3469,0,-1,1,0,0,3
高雄市,5,楊椒喬,學士,1,1,1974,50,0,,無黨籍及未經政黨推薦,1.32,14290.3,0.0,0,,0.0,0.0,0.0,0.0,0.0,"3,964",0.0184,0,0,0,1,0,2
高雄市,5,李昆澤,碩士,1,1,1964,60,1,,民主進步黨,1.32,14290.3,0.387605118,1,https://www.facebook.com/power2tw/,0.008978923,0.252808989,0.511111111,0.013255054,0.353652685,"108,735",0.5057,1,1,0,0,1,3
高雄市,5,張芳愉,學士,0,0,1982,42,0,,小民參政歐巴桑聯盟,1.32,14290.3,0.0,1,https://www.facebook.com/p/張芳愉‑高雄歐巴桑來了‑小民參政歐巴桑聯盟-61554049341474/,0.0,0.0,0.0,0.0,0.0,"12,264",0.057,0,1,0,0,1,2
高雄市,5,黃柏霖,博士,1,1,1967,57,0,,中國國民黨,1.32,14290.3,0.301109069,1,https://www.facebook.com/polin66666/,0.004075562,0.04494382,0.75,0.001874518,0.238312721,"90,046",0.4188,0,-1,1,0,0,4
高雄市,6,郭倍宏,博士,1,1,1955,69,0,,喜樂島聯盟,1.5,11703.47,0.002062082,1,https://www.facebook.com/buildingKUO/,0.0,0.0,0.0,0.0,0.0,"15,433",0.0693,0,1,0,0,1,4
高雄市,6,黃捷,學士,0,0,1993,31,0,,民主進步黨,1.5,11703.47,0.387605118,1,https://www.facebook.com/KaohsiungHuangjie/,0.010086178,0.0,0.0,0.0,0.334027829,"113,670",0.5101,1,1,0,0,1,2
高雄市,6,陳美雅,博士,0,0,1970,54,0,,中國國民黨,1.5,11703.47,0.301109069,1,https://www.facebook.com/meiyac1/,0.0,0.0,0.0,0.0,0.0,"93,750",0.4207,0,-1,1,0,0,4
高雄市,7,洪啟修,高中職以下,1,1,1988,36,0,,無黨籍及未經政黨推薦,1.5,10968.94,0.0,1,https://www.facebook.com/profile.php?id=100084326048056,0.00164168,0.050561798,0.0,0.0,0.0,"7,978",0.0384,0,0,0,1,0,1
高雄市,7,王和平統一,高中職以下,1,1,1953,71,0,,司法改革黨,1.5,10968.94,0.0,0,,0.0,0.0,0.0,0.0,0.0,"1,141",0.0055,0,0,0,1,0,1
高雄市,7,鍾易仲,碩士,1,1,1982,42,0,,中國國民黨,1.5,10968.94,0.301109069,1,https://www.facebook.com/loveyichung/,0.003312272,0.056179775,0.2,0.002596135,0.227927533,"89,355",0.4297,0,-1,1,0,0,3
高雄市,7,許智傑,碩士,1,1,1966,58,1,,民主進步黨,1.5,10968.94,0.387605118,1,https://www.facebook.com/leer0105/,0.007709412,0.0,0.0,0.0,0.327520794,"109,484",0.5265,1,1,0,0,1,3
高雄市,8,李政憲,高中職以下,1,1,1956,68,0,,司法改革黨,1.28,4580.71,0.0,1,https://www.facebook.com/profile.php?id=100064805232507,0.00164168,0.106741573,0.0,0.0,0.0,"3,087",0.0147,0,0,0,1,0,1
高雄市,8,李明璇,學士,0,0,1993,31,0,,中國國民黨,1.28,4580.71,0.301109069,1,https://www.facebook.com/LIMINHSUAN/,0.008051579,0.0,0.0,0.0,0.294960247,"82,602",0.394,0,-1,1,0,0,2
高雄市,8,賴瑞隆,碩士,1,1,1973,51,1,,民主進步黨,1.28,4580.71,0.387605118,1,https://www.facebook.com/zenolai2/,0.006227909,0.230337079,0.390243902,0.015581671,0.314482293,"121,064",0.5775,1,1,0,0,1,3
高雄市,8,湛秀英,碩士,0,0,1976,48,0,,勞動黨,1.28,4580.71,0.001138429,1,https://www.facebook.com/laborparty.zhanxiuying/,0.00164168,0.005617978,0.0,0.0,0.0,"2,876",0.0137,0,-1,1,0,0,3
金門縣,1,洪和成,學士,1,1,1961,63,0,,無黨籍及未經政黨推薦,1.95,822.03,0.0,1,https://www.facebook.com/HerCheng.Hong/,0.0,0.0,0.0,0.0,0.0,"2,168",0.0491,0,0,0,1,0,2
金門縣,1,陳玉珍,碩士,0,0,1973,51,1,,中國國民黨,1.95,822.03,0.656918005,1,https://www.facebook.com/KinmenMyLove/,0.004796585,0.056179775,0.4,0.002118476,0.265003745,"28,846",0.6528,1,-1,1,0,0,3
金門縣,1,尚文凱,碩士,0,0,1977,47,0,,台灣民眾黨,1.95,822.03,0.089077954,0,,0.0,0.0,0.0,0.0,0.0,"13,177",0.2982,0,0,0,1,0,3
彰化縣,1,陳秀寳,學士,0,0,1972,52,1,,民主進步黨,1.0,1279.29,0.336173842,1,https://www.facebook.com/showpowerchen/,0.009511547,0.230337079,0.536585366,0.007087872,0.324759492,"98,437",0.5457,1,1,0,0,1,2
彰化縣,1,蘇群傑,碩士,1,1,1980,44,0,,無黨籍及未經政黨推薦,1.0,1279.29,0.0,0,,0.0,0.0,0.0,0.0,0.0,"5,503",0.0305,0,0,0,1,0,3
彰化縣,1,阮厚爵,碩士,1,1,1970,54,0,,中國國民黨,1.0,1279.29,0.340416587,1,https://www.facebook.com/m7567979/,0.002147757,0.056179775,0.1,0.001225098,0.228451505,"76,448",0.4238,0,-1,1,0,0,3
彰化縣,2,黃秀芳,學士,0,0,1971,53,1,,民主進步黨,1.42,1711.28,0.336173842,1,https://www.facebook.com/smilefangfang/,0.008743489,0.202247191,0.555555556,0.003228712,0.318514117,"90,688",0.527,1,1,0,0,1,2
彰化縣,2,楊曜聰,博士,1,1,1972,52,0,,中國國民黨,1.42,1711.28,0.340416587,1,https://www.facebook.com/youngforward.tw/,0.002191995,0.050561798,0.111111111,0.000133142,0.209213483,"81,403",0.473,0,-1,1,0,0,4
彰化縣,3,洪建興,高中職以下,1,1,1979,45,0,,無黨籍及未經政黨推薦,1.26,699.88,0.0,1,https://www.facebook.com/people/洪建興/100000209737998/,0.0,0.0,0.0,0.0,0.0,"4,908",0.027,0,0,0,1,0,1
彰化縣,3,謝衣鳯,博士,0,0,1977,47,1,,中國國民黨,1.26,699.88,0.340416587,1,https://www.facebook.com/HsiehYifong/,0.005469447,0.095505618,0.411764706,0.017249215,0.325824277,"97,681",0.5375,1,-1,1,0,0,4
彰化縣,3,吳音寧,學士,0,0,1972,52,0,,民主進步黨,1.26,699.88,0.336173842,1,https://www.facebook.com/WuYinling.1/,0.009457422,0.050561798,0.777777778,0.000865752,0.323701643,"78,473",0.4318,0,1,0,0,1,2
彰化縣,3,桂麗娜,高中職以下,0,0,1974,50,0,,中華統一促進黨,1.26,699.88,0.002788014,0,,0.0,0.0,0.0,0.0,0.0,683,0.0038,0,0,0,1,0,1
彰化縣,4,鄭錫懋,學士,1,1,1980,44,0,,臺灣雙語無法黨,1.39,1227.81,0.0,1,https://www.facebook.com/Michael.cheng.77777/,0.0,0.0,0.0,0.0,0.0,"4,257",0.0227,0,0,0,1,0,2
彰化縣,4,鄭俊雄,碩士,1,1,1961,63,0,,中國國民黨,1.39,1227.81,0.340416587,1,https://www.facebook.com/ChingShungCheng/,0.003217175,0.0,0.0,0.0,0.266868795,"83,214",0.4434,0,-1,1,0,0,3
彰化縣,4,陳素月,碩士,0,0,1966,58,1,,民主進步黨,1.39,1227.81,0.336173842,1,https://www.facebook.com/chengSayYes/,0.008925365,0.269662921,0.520833333,0.005916203,0.322650664,"97,608",0.5201,1,1,0,0,1,3
彰化縣,4,蔡念諶,高中職以下,1,1,1995,29,0,,中華文化共和黨,1.39,1227.81,0.0,0,,0.0,0.0,0.0,0.0,0.0,"2,583",0.0138,0,0,0,1,0,1
臺北市,1,吳思瑤,碩士,0,0,1963,61,0,1.0,民主進步黨,1.45,4329.38,0.3035542,1,https://www.facebook.com/TaipeiNeedYou/?locale=zh_TW,0.013134593,0.168539326,0.766666667,0.008874794,0.380752508,"91,958",0.4722,1,1,0,0,1,3
臺北市,1,張斯綱,碩士,1,1,1960,64,0,0.0,中國國民黨,1.45,4329.38,0.343798167,1,https://www.facebook.com/szukang.chang/?locale=zh_TW,0.007809135,0.196629213,0.485714286,0.046678278,0.325824277,"71,837",0.3689,0,-1,1,0,0,3
臺北市,1,賴宗育,學士,1,1,1967,57,0,0.0,人民民主黨,1.45,4329.38,0.0,1,https://www.facebook.com/laizongyu/?locale=zh_TW,0.00164168,0.02247191,0.0,0.0,0.0,836,0.0043,0,0,0,1,0,2
臺北市,1,侯漢廷,碩士,1,1,1977,47,0,0.0,無,1.45,4329.38,0.0,1,https://www.facebook.com/HanTingHou/?locale=zh_TW,0.00507814,0.005617978,0.0,0.004253158,0.279436024,"28,510",0.1464,0,0,0,1,0,3
臺北市,1,張臺勝,學士,1,1,1945,79,0,0.0,人民最大黨,1.45,4329.38,0.0,1,https://www.facebook.com/p/%E5%BC%B5%E8%87%BA%E5%8B%9D-100063890271876/,0.00164168,0.033707865,0.0,0.0,0.0,161,0.0008,0,0,0,1,0,2
臺北市,1,胡金城,學士,1,1,1942,82,0,0.0,人民最大黨,1.45,4329.38,0.0,0,,0.0,0.0,0.0,0.0,0.0,255,0.0013,0,0,0,1,0,2
臺北市,1,許盛鋒,高中職以下,1,1,1937,87,0,0.0,無,1.45,4329.38,0.0,1,https://zh-tw.facebook.com/xu.sheng.feng.733155/,0.0,0.0,0.0,0.0,0.0,231,0.0012,0,0,0,1,0,1
臺北市,1,陳執中,碩士,1,1,1967,57,0,0.0,臺灣雙語無法黨,1.45,4329.38,0.0,0,,0.0,0.0,0.0,0.0,0.0,950,0.0049,0,0,0,1,0,3
臺北市,2,熊嘉玲,碩士,0,0,1958,66,0,0.0,制度救世島,1.11,4108.79,0.0,0,,0.0,0.0,0.0,0.0,0.0,968,0.0053,0,0,0,1,0,3
臺北市,2,何梅娟,高中職以下,0,0,1960,64,0,0.0,人民最大黨,1.11,4108.79,0.0,0,,0.0,0.0,0.0,0.0,0.0,"1,741",0.0094,0,0,0,1,0,1
臺北市,2,王世堅,碩士,1,1,1949,75,0,0.0,民主進步黨,1.11,4108.79,0.3035542,1,https://www.facebook.com/shihchien888/?locale=zh_TW,0.005219822,0.04494382,0.5,0.001218573,0.316485365,"111,605",0.6053,1,1,0,0,1,3
臺北市,2,郭啟源,高中職以下,1,1,1962,62,0,0.0,中華統一促進黨,1.11,4108.79,0.001480022,0,,0.0,0.0,0.0,0.0,0.0,305,0.0017,0,0,0,1,0,1
臺北市,2,游淑慧,學士,0,0,1965,59,0,0.0,中國國民黨,1.11,4108.79,0.343798167,1,https://www.facebook.com/taipeicathyyu/?locale=zh_TW,0.006829679,0.033707865,0.833333333,0.011836158,0.339168616,"69,754",0.3783,0,-1,1,0,0,2
臺北市,3,余新造,學士,1,1,1952,72,0,0.0,人民最大黨,1.19,13199.81,0.0,1,https://www.facebook.com/david7835/?locale=zh_TW,0.00164168,0.02247191,0.0,0.0,0.0,596,0.003,0,0,0,1,0,2
臺北市,3,陳源發,學士,1,1,1942,82,0,0.0,無,1.19,13199.81,0.0,0,,0.0,0.0,0.0,0.0,0.0,"1,851",0.0093,0,0,0,1,0,2
臺北市,3,謝佩芬,碩士,0,0,1976,48,0,0.0,民主進步黨,1.19,13199.81,0.3035542,1,https://www.facebook.com/thepeifenhsieh/?locale=zh_TW,0.007739904,0.241573034,0.441860465,0.006220098,0.3174965,"89,850",0.4492,0,1,0,0,1,3
臺北市,3,高士恩,學士,1,1,1970,54,0,0.0,制度救世島,1.19,13199.81,0.0,0,,0.0,0.0,0.0,0.0,0.0,195,0.001,0,0,0,1,0,2
臺北市,3,王鴻薇,學士,0,0,1953,71,0,0.0,中國國民黨,1.19,13199.81,0.343798167,1,https://www.facebook.com/hungwei.org/?locale=zh_TW,0.012754913,0.06741573,0.666666667,0.010160729,0.323701643,"105,050",0.5252,1,-1,1,0,0,2
臺北市,3,楊時睿,學士,1,1,1977,47,0,0.0,台灣維新,1.19,13199.81,0.000534231,1,https://www.facebook.com/atlasxyang/?locale=zh_TW,0.004980383,0.0,0.0,0.0,0.025280899,"1,378",0.0069,0,0,0,1,0,2
臺北市,3,陳一郎,碩士,1,1,1953,71,0,0.0,臺灣雙語無法黨,1.19,13199.81,0.0,1,https://www.facebook.com/people/%E9%99%B3%E4%B8%80%E9%83%8E/61562476809053/#,0.0,0.0,0.0,0.0,0.0,"1,107",0.0055,0,0,0,1,0,3
臺北市,4,李彥秀,學士,0,0,1960,64,0,0.0,中國國民黨,1.19,5954.42,0.343798167,1,https://www.facebook.com/ashow.tpe/?locale=zh_TW,0.008372935,0.0,0.0,0.0,0.298450901,"112,743",0.4764,1,-1,1,0,0,2
臺北市,4,吳欣岱,學士,0,0,1976,48,0,0.0,台灣基進,1.19,5954.42,0.022795899,1,https://www.facebook.com/TSPDrShe/?locale=zh_TW,0.005268752,0.084269663,0.2,0.001177243,0.304835597,"26,382",0.1115,0,1,0,0,1,2
臺北市,4,高嘉瑜,碩士,0,0,1969,55,0,1.0,民主進步黨,1.19,5954.42,0.3035542,1,https://www.facebook.com/ntufishfans/?locale=zh_TW,0.009129051,0.04494382,0.375,0.009518605,0.383692681,"95,241",0.4024,0,1,0,0,1,3
臺北市,4,黃啟彬,高中職以下,1,1,1962,62,0,0.0,制度救世島,1.19,5954.42,0.0,0,,0.0,0.0,0.0,0.0,0.0,422,0.0018,0,0,0,1,0,1
臺北市,4,林秋彤,碩士,0,0,1944,80,0,0.0,台灣整復師聯盟工黨,1.19,5954.42,0.0,0,,0.0,0.0,0.0,0.0,0.0,"1,881",0.0079,0,0,0,1,0,3
臺北市,5,鍾小平,碩士,1,1,1951,73,0,0.0,中國國民黨,1.5,16542.72,0.343798167,1,https://www.facebook.com/chung.siao.ping/?locale=zh_TW,0.002043878,0.0,0.0,0.0,0.233510196,"57,634",0.3428,0,-1,1,0,0,3
臺北市,5,陳燕玉,高中職以下,0,0,1946,78,0,0.0,無,1.5,16542.72,0.0,0,,0.0,0.0,0.0,0.0,0.0,194,0.0012,0,0,0,1,0,1
臺北市,5,許敬民,學士,1,1,1938,86,0,0.0,合一行動聯盟,1.5,16542.72,0.000721917,0,,0.0,0.0,0.0,0.0,0.0,174,0.001,0,0,0,1,0,2
臺北市,5,林志成,碩士,1,1,1954,70,0,0.0,無,1.5,16542.72,0.0,1,https://www.facebook.com/ChihCheng0210/?locale=zh_TW,0.0,0.0,0.0,0.0,0.0,138,0.0008,0,0,0,1,0,3
臺北市,5,于美人,學士,0,0,1954,70,0,0.0,無,1.5,16542.72,0.0,1,https://www.facebook.com/yu.beauty.belle/?locale=zh_TW,0.004162435,0.0,0.0,0.0,0.308490534,"38,913",0.2314,0,0,0,1,0,2
臺北市,5,蘇諍,學士,1,1,1948,76,0,0.0,經濟黨,1.5,16542.72,0.0,1,https://www.facebook.com/p/%E8%98%87%E8%AB%8D-100050763801471/,0.00164168,0.084269663,0.0,0.0,0.0,472,0.0028,0,0,0,1,0,2
臺北市,5,吳沛憶,碩士,0,0,1976,48,0,0.0,民主進步黨,1.5,16542.72,0.3035542,1,https://www.facebook.com/Pay1Pay1/?locale=zh_TW,0.010566231,0.129213483,0.695652174,0.007225983,0.331254682,"66,932",0.3981,1,1,0,0,1,3
臺北市,5,孫智麗,博士,0,0,1957,67,0,0.0,無,1.5,16542.72,0.0,1,https://www.facebook.com/Julie.Julia.SUN/?locale=zh_TW,0.00164168,0.011235955,0.0,0.0,0.0,"1,489",0.0089,0,0,0,1,0,4
臺北市,5,張華特,高中職以下,1,1,1946,78,0,0.0,台灣麻將最大黨,1.5,16542.72,0.0,1,https://www.facebook.com/p/%E5%BC%B5%E8%8F%AF%E7%89%B9-100000238235211/?locale=zh_TW,0.00164168,0.050561798,0.0,0.0,0.0,692,0.0041,0,0,0,1,0,1
臺北市,5,李慧曦,博士,0,0,1950,74,0,0.0,司法改革黨,1.5,16542.72,0.0,1,https://www.facebook.com/people/%E5%85%AC%E7%BE%A9%E9%82%A6%E5%9C%8B%E6%9D%8E%E6%85%A7%E6%9B%A6%E5%8D%9A%E5%A3%AB/61552495295690/,0.0,0.0,0.0,0.0,0.0,"1,502",0.0089,0,0,0,1,0,4
臺北市,6,張雪卿,學士,0,0,1940,84,0,0.0,制度救世島,1.37,20521.39,0.0,0,,0.0,0.0,0.0,0.0,0.0,896,0.0054,0,0,0,1,0,2
臺北市,6,苗博雅,學士,0,0,1976,48,0,0.0,社會民主黨,1.37,20521.39,0.0,1,https://www.facebook.com/miaopoya.sdp/?locale=zh_TW,0.009406982,0.033707865,0.333333333,0.003477423,0.3750053,"74,375",0.4478,0,1,0,0,1,2
臺北市,6,崔建章,碩士,1,1,1968,56,0,0.0,臺灣雙語無法黨,1.37,20521.39,0.0,0,,0.0,0.0,0.0,0.0,0.0,"2,202",0.0133,0,0,0,1,0,3
臺北市,6,羅智強,碩士,1,1,1959,65,0,0.0,中國國民黨,1.37,20521.39,0.343798167,1,https://www.facebook.com/debatelo/?locale=zh_TW,0.016154565,0.073033708,0.692307692,0.018268325,0.316485365,"87,973",0.5296,1,-1,1,0,0,3
臺北市,6,朱翊銘,學士,1,1,1981,43,0,0.0,台灣維新,1.37,20521.39,0.000534231,1,https://www.facebook.com/p/%E5%8F%B0%E5%8C%97%E5%B8%82%E5%A4%A7%E5%AE%89%E5%8D%80%E7%AB%8B%E5%A7%94%E5%80%99%E9%81%B8%E4%BA%BA%E6%9C%B1%E7%BF%8A%E9%8A%98-61554131006485/,0.00164168,0.06741573,0.0,0.0,0.0,660,0.004,0,0,0,1,0,2
臺北市,7,李承龍,學士,1,1,1947,77,0,0.0,中華愛國同心黨,1.45,15013.81,0.0,1,https://www.facebook.com/leechenlong/?locale=zh_TW,0.0,0.0,0.0,0.0,0.0,310,0.0018,0,0,0,1,0,2
臺北市,7,徐巧芯,學士,0,0,1978,46,0,0.0,中國國民黨,1.45,15013.81,0.343798167,1,https://www.facebook.com/HsuChiaoHsin/?locale=zh_TW,0.011814933,0.151685393,0.555555556,0.021043219,0.320569047,"89,727",0.5262,1,-1,1,0,0,2
臺北市,7,羅丹,學士,1,1,1981,43,0,0.0,台灣維新,1.45,15013.81,0.000534231,1,https://www.facebook.com/o59487o/?locale=zh_TW,0.002103742,0.06741573,0.083333333,0.003679212,0.012640449,"1,073",0.0063,0,0,0,1,0,2
臺北市,7,陳韋安,學士,1,1,1979,45,0,0.0,無,1.45,15013.81,0.0,1,https://www.facebook.com/TPP.D.Wayne/,0.00291119,0.0,0.0,0.0,0.192512222,"3,286",0.0193,0,0,0,1,0,2
臺北市,7,許淑華,博士,0,0,1962,62,0,0.0,民主進步黨,1.45,15013.81,0.3035542,1,https://www.facebook.com/shua0522/?locale=zh_TW,0.009953605,0.185393258,0.515151515,0.0166184,0.340330152,"76,113",0.4464,0,1,0,0,1,4
臺北市,8,劉佩玲,碩士,0,0,1974,50,0,0.0,台灣維新,1.77,7340.17,0.000534231,1,https://www.facebook.com/100086705443372/videos/1036327290923217/,0.001757971,0.0,0.0,0.0,0.005617978,"1,122",0.0061,0,0,0,1,0,3
臺北市,8,賴士葆,博士,1,1,1940,84,0,1.0,中國國民黨,1.77,7340.17,0.343798167,1,https://www.facebook.com/abao.tw/?locale=zh_TW,0.006287645,0.039325843,0.428571429,0.005380265,0.281519559,"87,099",0.4746,1,-1,1,0,0,4
臺北市,8,王閔生,學士,1,1,1964,60,0,0.0,民主進步黨,1.77,7340.17,0.3035542,1,https://www.facebook.com/iwangyou/?locale=zh_TW,0.004651186,0.123595506,0.454545455,0.000668724,0.298427641,"59,490",0.3242,0,1,0,0,1,2
臺北市,8,賴宣任,碩士,0,0,1975,49,0,0.0,小民參政歐巴桑聯盟,1.77,7340.17,0.0,0,,0.0,0.0,0.0,0.0,0.0,"6,374",0.0347,0,1,0,0,1,3
臺北市,8,夏萬浪,碩士,1,1,1941,83,0,0.0,無,1.77,7340.17,0.0,0,,0.0,0.0,0.0,0.0,0.0,761,0.0041,0,0,0,1,0,3
臺北市,8,張其祿,博士,1,1,1957,67,0,0.0,台灣民眾黨,1.77,7340.17,0.129403495,0,,0.0,0.0,0.0,0.0,0.0,"28,335",0.1544,0,0,0,1,0,4
臺北市,8,張維學,學士,1,1,1938,86,0,0.0,無,1.77,7340.17,0.0,0,,0.0,0.0,0.0,0.0,0.0,201,0.0011,0,0,0,1,0,2
臺北市,8,胡之壯,學士,1,1,1950,74,0,0.0,興中同盟會,1.77,7340.17,0.0,1,https://www.facebook.com/p/%E8%83%A1%E4%B9%8B%E5%A3%AF-100000889210816/?_rdr,0.0,0.0,0.0,0.0,0.0,136,0.0007,0,0,0,1,0,2
新竹縣,1,劉復嵐,學士,1,1,1963,61,0,0.0,台灣維新,1.63,235.75,0.000698823,1,https://www.facebook.com/Views.With.FrankLiu/?locale=zh_TW,0.00164168,0.011235955,0.0,0.0,0.0,"1,392",0.0092,0,0,0,1,0,2
新竹縣,1,徐欣瑩,碩士,0,0,1961,63,0,0.0,中國國民黨,1.63,235.75,0.398978166,1,https://www.facebook.com/shesinging.tw/?locale=zh_TW,0.003782182,0.02247191,0.25,0.000835066,0.233277945,"84,959",0.5591,1,-1,1,0,0,3
新竹縣,1,劉台穠,學士,0,0,1970,54,0,0.0,小民參政歐巴桑聯盟,1.63,235.75,0.0,0,,0.0,0.0,0.0,0.0,0.0,"4,610",0.0303,0,1,0,0,1,2
新竹縣,1,余筱菁,碩士,0,0,1969,55,0,0.0,台灣綠黨,1.63,235.75,0.0,0,,0.0,0.0,0.0,0.0,0.0,"15,557",0.1024,0,1,0,0,1,3
新竹縣,1,詹紀緹,學士,0,0,1979,45,0,0.0,民主進步黨,1.63,235.75,0.233599404,1,https://www.facebook.com/ChiTiforHsinchu/?locale=zh_TW,0.002234574,0.050561798,0.444444444,9.12e-05,0.256124754,"45,445",0.2991,0,1,0,0,1,2
新竹縣,2,王婉諭,碩士,0,0,1968,56,0,0.0,時代力量,2.05,452.68,0.090912197,1,https://www.facebook.com/wanyu.claire/?locale=zh_TW,0.015872939,0.005617978,1.0,0.000253226,0.260528347,"63,566",0.3719,0,1,0,0,1,3
新竹縣,2,曾聖凱,碩士,1,1,1973,51,0,0.0,民主進步黨,2.05,452.68,0.233599404,1,https://www.facebook.com/skytseng.newhsinchu/?locale=zh_TW,0.004432756,0.0,0.0,0.0,0.280212235,"30,738",0.1798,0,1,0,0,1,3
新竹縣,2,林思銘,學士,1,1,1955,69,0,1.0,中國國民黨,2.05,452.68,0.398978166,1,https://www.facebook.com/linsm.hc/?locale=zh_TW,0.006224577,0.202247191,0.361111111,0.035111193,0.289727127,"76,608",0.4482,1,-1,1,0,0,2
新竹市,1,趙福龍,高中職以下,1,1,1944,80,0,0.0,制度救世島,1.74,3451.42,0.0,1,https://www.facebook.com/p/%E8%B6%99%E7%A6%8F%E9%BE%8D-100010923137828/,0.0,0.0,0.0,0.0,0.0,249,0.001,0,0,0,1,0,1
新竹市,1,楊清華,碩士,1,1,1966,58,0,0.0,司法改革黨,1.74,3451.42,0.0,1,https://www.facebook.com/tw2229666,0.0,0.0,0.0,0.0,0.0,566,0.0022,0,0,0,1,0,3
新竹市,1,柯美蘭,碩士,0,0,1951,73,0,0.0,無,1.74,3451.42,0.0,1,https://www.facebook.com/p/%E6%9F%AF%E7%BE%8E%E8%98%AD-61551043409062/?locale=zh_TW,0.002339425,0.0,0.0,0.0,0.005617978,"51,663",0.1978,0,0,0,1,0,3
新竹市,1,王榮德,高中職以下,1,1,1942,82,0,0.0,無,1.74,3451.42,0.0,0,,0.0,0.0,0.0,0.0,0.0,405,0.0016,0,0,0,1,0,1
新竹市,1,林志潔,博士,0,0,1962,62,0,0.0,民主進步黨,1.74,3451.42,0.283322505,1,https://www.facebook.com/CarolLinNCTULAW/?locale=zh_TW,0.00839429,0.033707865,0.833333333,0.001454869,0.336869168,"83,298",0.3189,0,1,0,0,1,4
新竹市,1,邱顯智,碩士,1,1,1965,59,0,0.0,時代力量,1.74,3451.42,0.115082828,1,https://www.facebook.com/LawyerHandyChiu/?locale=zh_TW,0.015810259,0.005617978,1.0,0.000458024,0.275235593,"33,023",0.1264,0,1,0,0,1,3
新竹市,1,鄭正鈐,博士,1,1,1958,66,0,1.0,中國國民黨,1.74,3451.42,0.320671083,1,https://www.facebook.com/CCCHsinchu/?locale=zh_TW,0.00601756,0.101123596,0.388888889,0.00474508,0.276045568,"92,014",0.3522,1,-1,1,0,0,4
南投縣,1,馬文君,碩士,0,0,1954,70,0,1.0,中國國民黨,1.0,93.88,0.399196363,1,https://www.facebook.com/mawenchun/?locale=zh_TW,0.001910374,0.02247191,0.0,0.0,0.220836454,"68,890",0.5309,1,-1,1,0,0,3
南投縣,1,許文忠,博士,1,1,1964,60,0,0.0,勞動黨,1.0,93.88,0.001644731,1,https://www.facebook.com/people/%E8%A8%B1%E6%96%87%E5%BF%A0/100093701665452/?_rdr,0.0,0.0,0.0,0.0,0.0,"3,577",0.0276,0,-1,1,0,0,4
南投縣,1,蔡銘軒,碩士,1,1,1973,51,0,0.0,民主進步黨,1.0,93.88,0.309461461,1,https://www.facebook.com/tsai0915276181/?locale=zh_TW,0.005641128,0.050561798,0.555555556,0.001304481,0.318514117,"50,886",0.3922,0,1,0,0,1,3
南投縣,1,李圓恩,碩士,0,0,1969,55,0,0.0,小民參政歐巴桑聯盟,1.0,93.88,0.0,0,,0.0,0.0,0.0,0.0,0.0,"3,035",0.0234,0,1,0,0,1,3
南投縣,1,林金潭,學士,1,1,1946,78,0,0.0,無,1.0,93.88,0.0,0,,0.0,0.0,0.0,0.0,0.0,"3,373",0.026,0,0,0,1,0,2
南投縣,2,陳癸佑,學士,1,1,1957,67,0,0.0,無,1.26,105.74,0.0,1,https://www.facebook.com/Taiwanpliceman/,0.00164168,0.039325843,0.0,0.0,0.0,"4,023",0.0286,0,0,0,1,0,2
南投縣,2,蔡培慧,博士,0,0,1960,64,0,0.0,民主進步黨,1.26,105.74,0.309461461,1,https://www.facebook.com/ahuitsai.tw/?locale=zh_TW,0.01080603,0.185393258,0.606060606,0.006362267,0.332362557,"66,551",0.4734,0,1,0,0,1,4
南投縣,2,游顥,碩士,1,1,1972,52,0,0.0,中國國民黨,1.26,105.74,0.399196363,1,https://www.facebook.com/nantou.yuhao/?locale=zh_TW,0.006586136,0.258426966,0.369565217,0.030597635,0.287215042,"70,012",0.498,1,-1,1,0,0,3
雲林縣,1,郭炳宏,學士,1,1,1987,37,0,0.0,中華統一促進黨,1.19,403.87,0.003291932,0,,0.0,0.0,0.0,0.0,0.0,445,0.0025,0,0,0,1,0,2
雲林縣,1,吳炳輝,學士,1,1,1956,68,0,0.0,無,1.19,403.87,0.0,1,https://www.facebook.com/p/%E5%90%B3%E7%82%B3%E8%BC%9D%E7%AB%8B%E5%A7%94%E5%80%99%E9%81%B8%E4%BA%BA-100064082461516/,0.0,0.0,0.0,0.0,0.0,"1,470",0.0083,0,0,0,1,0,2
雲林縣,1,蘇治芬,碩士,0,0,1942,82,0,1.0,民主進步黨,1.19,403.87,0.380376908,1,https://www.facebook.com/suchihfen/?locale=zh_TW,0.009560825,0.073033708,0.384615385,0.002887021,0.332362557,"81,707",0.4606,0,1,0,0,1,3
雲林縣,1,李昭儀,學士,0,0,1974,50,0,0.0,台灣革命黨,1.19,403.87,0.0,1,https://www.facebook.com/li.zhao.yi.412925/,0.00164168,0.033707865,0.0,0.0,0.0,"3,072",0.0173,0,0,0,1,0,2
雲林縣,1,丁學忠,碩士,1,1,1959,65,0,0.0,中國國民黨,1.19,403.87,0.3049722,1,https://www.facebook.com/ding.ding0628/?locale=zh_TW,0.00553137,0.04494382,0.625,0.005206262,0.262206872,"84,736",0.4777,1,-1,1,0,0,3
雲林縣,1,陳俊龍,碩士,1,1,1958,66,0,0.0,無,1.19,403.87,0.0,1,https://www.facebook.com/inRED5/?locale=zh_TW,0.00164168,0.028089888,0.0,0.0,0.0,"5,965",0.0336,0,0,0,1,0,3
雲林縣,2,劉建國,碩士,1,1,1958,66,0,1.0,民主進步黨,1.17,462.54,0.380376908,1,https://www.facebook.com/liucnko.fans/?locale=zh_TW,0.005930002,0.0,0.0,0.0,0.315238764,"115,376",0.5948,1,1,0,0,1,3
雲林縣,2,邱良閱,碩士,1,1,1971,53,0,0.0,中國國民黨,1.17,462.54,0.3049722,0,,0.0,0.0,0.0,0.0,0.0,"78,596",0.4052,0,-1,1,0,0,3
澎湖縣,1,楊曜,學士,1,1,1955,69,0,1.0,民主進步黨,1.08,720.1,0.343100036,1,https://www.facebook.com/p/%E6%A5%8A%E6%9B%9CYangyao-100058282801022/?locale=zh_TW,0.00164168,0.061797753,0.0,0.0,0.0,"24,669",0.5095,1,1,0,0,1,2
澎湖縣,1,吳政杰,碩士,1,1,1956,68,0,0.0,中國國民黨,1.08,720.1,0.371794354,1,https://www.facebook.com/photo/?fbid=350716107103005&set=a.350716073769675&locale=zh_TW,0.005958455,0.0,0.0,0.0,0.206426694,"20,226",0.4177,0,-1,1,0,0,3
澎湖縣,1,陳慧娟,學士,0,0,1952,72,0,0.0,無,1.08,720.1,0.0,0,,0.0,0.0,0.0,0.0,0.0,"3,525",0.0728,0,0,0,1,0,2
苗栗縣,1,康世明,學士,1,1,1958,66,0,,民主進步黨,1.52,391.45,0.251543862,1,https://www.facebook.com/profile.php?id=100002949336408,0.0,0.0,0.0,0.0,0.0,"60,358",0.4315,0,1,0,0,1,2
苗栗縣,1,陳超明,學士,1,1,1940,84,1,,無,1.52,391.45,0.0,1,https://www.facebook.com/profile.php?id=100000526333158,0.0,0.0,0.0,0.0,0.0,"79,521",0.5685,1,0,0,1,0,2
苗栗縣,2,邱鎮軍,碩士,1,1,1960,64,0,,中國國民黨,1.62,179.14,0.442805666,1,https://www.facebook.com/chengchun1207,0.003529392,0.039325843,0.428571429,0.000716906,0.233277945,"89,111",0.5505,1,-1,1,0,0,3
苗栗縣,2,曾玟學,碩士,1,1,1976,48,0,,無,1.62,179.14,0.0,1,https://www.facebook.com/tsengwenhsueh,0.006265886,0.039325843,0.571428571,0.000236699,0.296645984,"72,749",0.4495,0,0,0,1,0,3
連江縣,1,李問,博士,1,1,1978,46,0,,民主進步黨,1.54,407.17,0.069763624,1,https://www.facebook.com/wen1949,0.008771086,0.275280899,0.571428571,0.007758922,0.324759492,"1,382",0.2353,0,1,0,0,1,4
連江縣,1,陳雪生,高中職以下,1,1,1941,83,1,,中國國民黨,1.54,407.17,0.678594879,1,https://www.facebook.com/profile.php?id=100002730369711,0.0,0.0,0.0,0.0,0.0,"3,118",0.5308,1,-1,1,0,0,1
台中市,1,蔡壁如,學士,0,0,1953,71,0,,台灣民眾黨,1.09,1068.62,0.130508538,1,https://www.facebook.com/PiRuTsai.tpp,0.004130915,0.06741573,0.166666667,0.007856599,0.258120531,"72,634",0.4513,0,0,0,1,0,2
台中市,1,賴信全,碩士,1,1,1963,61,0,,無,1.09,1068.62,0.0,1,https://www.facebook.com/profile.php?id=100000273405738,0.0,0.0,0.0,0.0,0.0,"3,742",0.0233,0,0,0,1,0,3
台中市,1,劉燈鐘,博士,1,1,1955,69,0,,無,1.09,1068.62,0.0,1,https://www.facebook.com/liu0936231661,0.0,0.0,0.0,0.0,0.0,"4,685",0.0291,0,0,0,1,0,4
台中市,1,蔡其昌,碩士,1,1,1958,66,1,,民主進步黨,1.09,1068.62,0.321558002,1,https://www.facebook.com/tsaimimi0416,0.016063525,0.073033708,0.846153846,0.008820442,0.4106463,"79,884",0.4963,1,1,0,0,1,3
台中市,2,顏寬恒,碩士,1,1,1966,58,0,,中國國民黨,1.0,1178.22,0.331108364,1,https://www.facebook.com/kuanheng99,0.005921216,0.050561798,0.333333333,0.001418121,0.272264122,"118,962",0.5318,1,-1,1,0,0,3
台中市,2,林靜儀,碩士,0,0,1963,61,0,,民主進步黨,1.0,1178.22,0.321558002,1,https://www.facebook.com/LinCYminorta,0.020429508,0.078651685,0.928571429,0.007710609,0.38971139,"96,151",0.4299,0,1,0,0,1,3
台中市,3,張烱春,碩士,1,1,1954,70,0,,司法改革黨,1.35,1709.37,0.0,1,https://www.facebook.com/jiong686,0.0,0.0,0.0,0.0,0.0,"4,368",0.0229,0,0,0,1,0,3
台中市,3,謝子涵,碩士,0,0,1980,44,0,,民主進步黨,1.35,1709.37,0.321558002,1,https://www.facebook.com/hsiehtzuhan,0.008652792,0.342696629,0.442622951,0.015465837,0.327974932,"80,128",0.42,0,1,0,0,1,3
台中市,3,楊瓊瓔,博士,0,0,1953,71,1,,中國國民黨,1.35,1709.37,0.331108364,1,https://www.facebook.com/YangChiungYing,0.006401733,0.0,0.0,0.0,0.297570515,"106,306",0.5572,1,-1,1,0,0,4
台中市,4,張廖萬堅,碩士,1,1,1954,70,1,,民主進步黨,1.44,4630.14,0.321558002,1,https://www.facebook.com/TC.wanchien,0.001816117,0.168539326,0.0,0.001089862,0.005617978,"113,350",0.4735,0,1,0,0,1,3
台中市,4,廖偉翔,學士,1,1,1979,45,0,,中國國民黨,1.44,4630.14,0.331108364,1,https://www.facebook.com/seanliao76,0.007597787,0.179775281,0.5,0.007961475,0.288884897,"119,740",0.5002,1,-1,1,0,0,2
台中市,4,陳志彬,碩士,1,1,1967,57,0,,無,1.44,4630.14,0.0,1,https://www.facebook.com/txg2020,0.0,0.0,0.0,0.0,0.0,"3,824",0.016,0,0,0,1,0,3
台中市,4,李海碩,碩士,1,1,1971,53,0,,臺灣雙語無法黨,1.44,4630.14,0.0,1,https://www.facebook.com/Roy722,0.00164168,0.04494382,0.0,0.0,0.0,792,0.0033,0,0,0,1,0,3
台中市,5,彭振芳,高中職以下,1,1,1953,71,0,,司法改革黨,1.65,5215.75,0.0,1,https://www.facebook.com/profile.php?id=100064045929021,0.001715127,0.0,0.0,0.0,0.005617978,"2,647",0.0101,0,0,0,1,0,1
台中市,5,蔡善雯,碩士,0,0,1965,59,0,,小民參政歐巴桑聯盟,1.65,5215.75,0.0,1,https://www.facebook.com/profile.php?id=61552486111252,0.0,0.0,0.0,0.0,0.0,"9,266",0.0355,0,1,0,0,1,3
台中市,5,陳維新,高中職以下,0,0,1987,37,0,,無,1.65,5215.75,0.0,1,https://www.facebook.com/weihsinchen1998,0.0,0.0,0.0,0.0,0.0,"4,224",0.0162,0,0,0,1,0,1
台中市,5,黃健豪,碩士,1,1,1977,47,0,,中國國民黨,1.65,5215.75,0.331108364,1,https://www.facebook.com/TCBetter,0.00556594,0.106741573,0.473684211,0.003088032,0.279933534,"134,706",0.5155,1,-1,1,0,0,3
台中市,5,莊競程,學士,1,1,1969,55,1,,民主進步黨,1.65,5215.75,0.321558002,1,https://www.facebook.com/Power3C?locale=zh_TW,0.008829152,0.207865169,0.513513514,0.004334985,0.321606487,"107,357",0.4108,0,1,0,0,1,2
台中市,6,羅廷瑋,碩士,1,1,1978,46,0,,中國國民黨,1.25,12053.22,0.331108364,1,https://www.facebook.com/taichunglolo?locale=zh_TW,0.008720837,0.0,0.0,0.0,0.303844592,"103,630",0.521,1,-1,1,0,0,3
台中市,6,紀文清,學士,1,1,1941,83,0,,無,1.25,12053.22,0.0,1,https://www.facebook.com/profile.php?id=1480491883&locale=zh_TW,0.0,0.0,0.0,0.0,0.0,"1,532",0.0077,0,0,0,1,0,2
台中市,6,江肇國,碩士,1,1,1966,58,0,,民主進步黨,1.25,12053.22,0.321558002,1,https://www.facebook.com/TC.AKuo?locale=zh_TW,0.009887639,0.219101124,0.58974359,0.012718155,0.3667026,"88,674",0.4458,0,1,0,0,1,3
台中市,7,林家興,碩士,1,1,1979,45,0,,中國國民黨,1.13,2203.36,0.331108364,1,https://www.facebook.com/AlfredLinNewROC?locale=zh_TW,0.004954193,0.202247191,0.305555556,0.008998595,0.276045568,"95,549",0.4089,0,-1,1,0,0,3
台中市,7,何欣純,碩士,0,0,1962,62,1,,民主進步黨,1.13,2203.36,0.321558002,1,https://www.facebook.com/94achun?locale=zh_TW,0.010853364,0.219101124,0.692307692,0.012348401,0.365354428,"132,235",0.5658,1,1,0,0,1,3
台中市,8,江啟臣,博士,1,1,1961,63,1,,中國國民黨,1.11,164.08,0.331108364,1,https://www.facebook.com/johnnyccchiang?locale=zh_TW,0.010456347,0.162921348,0.344827586,0.042194412,0.308622374,"88,651",0.5787,1,-1,1,0,0,4
台中市,8,謝志忠,碩士,1,1,1958,66,0,,民主進步黨,1.11,164.08,0.321558002,1,https://www.facebook.com/mang.guo.9659?locale=zh_TW,0.002310864,0.0,0.0,0.0,0.260662544,"64,542",0.4213,0,1,0,0,1,3
嘉義市,1,王美惠,碩士,0,0,1954,70,1,,民主進步黨,1.74,3596.05,0.35712951,1,https://www.facebook.com/ahueimoto?locale=zh_TW,0.007363307,0.0,0.0,0.0,0.320242554,"78,069",0.5064,1,1,0,0,1,3
嘉義市,1,簡明廉,高中職以下,1,1,1950,74,0,,無,1.74,3596.05,0.0,1,https://www.facebook.com/profile.php?id=100067017814272&locale=zh_TW,0.0,0.0,0.0,0.0,0.0,"1,219",0.0079,0,0,0,1,0,1
嘉義市,1,陳玥妗,碩士,0,0,1971,53,0,,小民參政歐巴桑聯盟,1.74,3596.05,0.0,1,https://www.facebook.com/OBS.YC?locale=zh_TW,0.00164168,0.005617978,0.0,0.0,0.0,"6,232",0.0404,0,1,0,0,1,3
嘉義市,1,蔡松益,博士,1,1,1963,61,0,,復康聯盟黨,1.74,3596.05,0.0,1,https://www.facebook.com/sungyi.tsai?locale=zh_TW,0.00164168,0.04494382,0.0,0.0,0.0,839,0.0054,0,0,0,1,0,4
屏東縣,1,鍾佳濱,碩士,1,1,1954,70,1,,民主進步黨,1.55,312.93,0.420411724,1,https://www.facebook.com/cafe1965?locale=zh_TW,0.011537361,0.280898876,0.54,0.031333921,0.327974932,"108,723",0.484,1,1,0,0,1,3
屏東縣,1,蔣月惠,高中職以下,0,0,1948,76,0,,無,1.55,312.93,0.0,1,https://www.facebook.com/profile.php?id=100001215589335&locale=zh_TW,0.00164168,0.011235955,0.0,0.0,0.0,"25,270",0.1125,0,0,0,1,0,1
屏東縣,2,徐富癸,碩士,1,1,1959,65,0,,民主進步黨,1.65,177.99,0.420411724,1,https://www.facebook.com/profile.php?id=61550108731805&locale=zh_TW,0.002339425,0.084269663,0.0,0.004138087,0.005617978,"108,923",0.5338,1,1,0,0,1,3
屏東縣,2,蘇孟淳,碩士,1,1,1981,43,0,,無,1.65,177.99,0.0,1,https://www.facebook.com/su8336099?locale=zh_TW,0.002339425,0.005617978,0.0,5.16e-05,0.005617978,"82,147",0.4026,0,0,0,1,0,3
宜蘭縣,1,林錦坤,高中職以下,1,1,1953,71,0,,無,1.75,170.38,0.0,1,https://www.facebook.com/profile.php?id=100063690528403&locale=zh_TW,0.0,0.0,0.0,0.0,0.0,"1,754",0.0069,0,0,0,1,0,1
宜蘭縣,1,陳琬惠,碩士,0,0,1963,61,0,,台灣民眾黨,1.75,170.38,0.109473645,1,https://www.facebook.com/profile.php?id=100063489709413&locale=zh_TW,0.00164168,0.005617978,0.0,0.0,0.0,"53,499",0.2094,0,0,0,1,0,3
宜蘭縣,1,林意評,碩士,1,1,1978,46,0,,台灣基進,1.75,170.38,0.022783404,1,https://www.facebook.com/profile.php?id=100000156316122&locale=zh_TW,0.0,0.0,0.0,0.0,0.0,"6,201",0.0243,0,1,0,0,1,3
宜蘭縣,1,黃琤婷,學士,0,0,1967,57,0,,中國國民黨,1.75,170.38,0.288871198,1,https://www.facebook.com/Mrs.Janet?locale=zh_TW,0.001854256,0.02247191,0.25,0.000168485,0.204478199,"86,120",0.337,0,-1,1,0,0,2
